date,artist,title,year,rating,ownership,review,
2020-11-08,Lisa Germano,Geek the Girl,1994,7,,,
2020-11-03,Indian Summer,Science 1994,2002,7,,,
2020-11-01,Todd Rungren,Todd,1974,7,,,
2020-10-31,Type O Negative,"Sleep, Deep and Hard",1991,7,,,
2020-10-30,CQ,"Communication, Cultural, Curiosity Quotient",2016,6,,,
2020-10-30,The Fall,Hex Induction Hour,1982,7,,,
2020-10-30,Michael Head & The Strands,The Olde World,2015,6,,,
2020-10-30,Michael Head & The Strands,The Magical World of the Strands,1997,7,,,
2020-10-25,Public Image Ltd,The Flowers of Romance,1981,7,,,
2020-10-25,Popol Vuh,In den Gärten Pharaos,1971,8,,,
2020-10-25,Patti Smith Group,Radio Ethiopia,1976,8,,,
2020-10-22,The Residents,Not Available,1978,8,,,
2020-10-22,Magic Hour,Will They Turn You on or Will They Turn on You,1995,7,,,
2020-10-22,Green,White Soul,1991,7,,,
2020-10-20,Bauhaus,Mask,1981,7,,,
2020-10-20,Guided by Voices,Bee Thousand,1994,6,,,
2020-10-18,Belle and Sebastian,Tigermilk,1996,6,,,
2020-10-18,Richard Hell & The Voidoids,Blank Generation,1977,7,,,
2020-10-18,The Cramps,Songs the Lord Taught Us,1980,7,,,
2020-10-18,Suede,Dog Man Star,1994,7,,,
2020-10-18,Sigur Rós,Ágætis byrjun,1999,6,,,
2020-10-17,Chocolate Watch Band,No Way Out,1967,7,,,
2020-10-17,Cocteau Twins,Garlands,1982,6,,,
2020-10-14,Manic Street Preachers,The Holy Bible,1994,7,,,
2020-10-14,Magnolia Electric Co.,What Comes After the Blues,2005,6,,,
2020-10-09,Television Personalities,...And Don’t The Kids Just Love It,1981,6,,,
2020-10-08,Captain Beefheart & The Magic Band,"Lick My Decals Off, Baby",1970,7,,,
2020-10-08,Captain Beefheart & The Magic Band,Safe As Milk,1967,8,,,
2020-10-08,Captain Beefheart & The Magic Band,Strictly Personal,1968,7,,,
2020-10-07,Faith No More,Introduce Yourself,1987,6,,,
2020-10-07,The Dismemberment Plan,Emergency & I,1999,5,,,
2020-10-06,Samsara Blues Experiment,Long Distance Trip,2010,6,,,
2020-10-05,Galaxie 500,Peel Sessions,2005,7,n,,
2020-10-05,The Velvet Underground,Squeeze,1973,4,n,,
2020-10-03,Galaxie 500,This Is Our Music,1990,7,n,,
2020-10-02,Bill Callahan,Sometimes I Wish We Were an Eagle,2009,7,n,,
2020-10-02,T. Rex,My People Were Fair and Had Sky in Their Hair... But Now They're Content to Wear Stars on Their Brows ,1968,6,n,,
2020-09-30,The Telescopes,As Light Returns,2017,6,n,,
2020-09-23,Slowdive,Pygmalion,1995,7,n,,
2020-09-16,Pete Bassman,Lost in Space,2016,6,n,,
2020-09-16,Asobi Seksu,Citrus,2006,6,n,,
2020-09-14,Sufjan Stevens,Carrie & Lowell,2015,7,n,,
2020-09-14,Built to Spill,There's Nothing Wrong With Love,1994,7,n,,
2020-09-14,Jonathan Richman & The Modern Lovers,Jonathan Richman & The Modern Lovers,1976,6,n,,
2020-09-14,Alice in Chains,Alice in Chains,1995,7,n,,
2020-09-14,The Damned,Damned Damned Damned,1977,7,n,,
2020-09-14,The Fall,This Nation’s Saving Grace,1985,8,n,,
2020-09-14,The Fall,Perverted By Language,1983,8,n,,
2020-09-14,The Sundays,"Reading, Writing and Arithmetic",1990,6,n,,
2020-09-10,Almendra,Almendra,1969,8,n,,
2020-09-10,Paul Simon,No More Shall We Part,1986,7,,,
2020-09-10,Patti Smith,Horses,1975,8,n,,
2020-09-03,Roxy Music,Roxy Music,1972,7,n,,
2020-08-31,Gong,Gazeuse!,1976,7,n,,
2020-08-31,Gong,You,1974,7,n,,
2020-08-25,Gong,Flying Teapot,1973,7,n,,
2020-08-25,Brian Eno,Taking Tiger Mountain (By Strategy),1974,8,n,,
2020-08-25,John Cale,Slow Dazzle,1975,6,n,,
2020-08-24,Steve Reich,Music for 18 Musicians,1978,8,n,,
2020-08-24,John Cale,The Academy in Peril,1972,7,n,,
2020-08-24,John Cale,Vintage Violence,1970,7,n,,
2020-08-24,John Cale,Artificial Intelligence,1985,5,n,,
2020-08-24,John Cale & Terry Riley,Church of Anthrax,1971,7,n,,
2020-08-14,Bryan Ferry,Let’s Stick Together,1976,6,n,,
2020-08-12,Siouxsie and The Banshees,The Scream,1978,7,n,,
2020-08-12,Blue Sky Black Death,NOIR,2011,5,n,,
2020-08-12,Minus the Bear,Highly Refined Pirates,2002,6,n,,
2020-08-12,Blue Sky Black Death,NOIR,2011,6,n,,
2020-08-12,Siouxsie and The Banshees,The Scream,1978,7,n,,
2020-08-04,Meredith Monk,Dolmen Music,1981,8,n,,
2020-08-02,Kyuss,Blues for the Red Sun,1992,8,n,,
2020-08-02,The Stooges,Fun House,1970,8,n,,
2020-08-02,MONO,Nowhere Now Here,2019,6,n,,
2020-07-31,Talking Heads,Talking Heads: 77,1977,8,n,,
2020-07-29,Brightblack Morning Light,Brightblack Morning Light,2006,7,n,,
2020-07-29,Butthole Surfers,Psychic...Powerless...Another Man's Sac,1984,7,n,,
2020-07-29,Crescent,Now,1996,7,n,,
2020-07-29,Spacemen 3,Recurring,1991,7,n,,
2020-07-29,Vox Dei,La Biblia,1971,7,n,,
2020-07-27,Ween,Pure Guava,1992,7,n,,
2020-07-27,Ween,The Pod,1991,8,n,,
2020-07-27,Ween,White Pepper,2000,6,n,,
2020-07-12,Pell Mell,The Bumper Crop,1987,6,n,,
2020-07-01,Arcade Fire,Funeral,2004,7,n,,
2020-07-01,The Soft Moon,Criminal,2018,5,n,,
2020-07-01,Scott Walker,Scott 3,1969,7,n,,
2020-01-01,1000mods,Vultures,2014,5,n,,
2020-01-01,35007,Especially for You,1994,5,n,,
2020-01-01,35007,Sea of Tranquillity,2001,6,n,,
2020-01-01,The 77s,All Fall Down,1984,6,n,,
2020-01-01,The 77s,The 77s,1987,7,n,,
2020-01-01,Å,Å,2014,5,n,,
2020-01-01,AC/DC,Back in Black,1980,6,n,,
2020-01-01,AC/DC,Highway to Hell,1979,6,n,,
2020-01-01,Acid King,"Middle of Nowhere, Center of Everywhere",2015,4,n,,
2020-01-01,Acid Mothers Temple & The Melting Paraiso U.F.O.,Astrorgasm From the Inner Space,2014,5,n,,
2020-01-01,Acid Mothers Temple & The Melting Paraiso U.F.O.,Hallelujah Mystic Garden Part Two,2019,5,n,,
2020-01-01,Acid Mothers Temple & The Melting Paraiso U.F.O.,"High on New Heaven, Live in New Haven",2015,5,n,,
2020-01-01,David Ackles,American Gothic,1972,6,n,,
2020-01-01,Acqua Fragile,Mass-Media Stars,1974,6,n,,
2020-01-01,The Action,Rolled Gold,1998,5,n,,
2020-01-01,Ryan Adams,Ryan Adams,2014,6,n,,
2020-01-01,Airbag,All Rights Removed,2011,5,n,,
2020-01-01,The Aliens,Luna,2008,4,n,,
2020-01-01,Allah-Las,Worship the Sun,2014,6,n,,
2020-01-01,All Them Witches,Dying Surfer Meets His Maker,2015,5,n,,
2020-01-01,All Them Witches,Effervescent,2014,7,n,,
2020-01-01,All Them Witches,Lightning at the Door,2013,6,n,,
2020-01-01,All Them Witches,Our Mother Electricity,2012,6,n,,
2020-01-01,All Them Witches,Sleeping Through the War,2017,5,n,,
2020-01-01,The Amboy Dukes,The Amboy Dukes,1967,5,n,,
2020-01-01,Amen Dunes,Love,2014,5,n,,
2020-01-01,The American Analog Set,The Fun of Watching Fireworks,1996,7,n,,
2020-01-01,American Football,American Football,1999,8,n,,
2020-01-01,American Music Club,United Kingdom,1989,6,n,,
2020-01-01,Arctic Monkeys,"Whatever People Say I Am, That's What I'm Not",2006,7,n,,
2020-01-01,Arzachel,Arzachel,1969,5,n,,
2020-01-01,Atomikylä,Erkale,2014,5,n,,
2020-01-01,Automatism,From the Lake,2018,5,n,,
2020-01-01,Kevin Ayers,Joy of a Toy,1969,6,n,"Lo que me resulta admirable del trabajo de Kevin Ayers es su habilidad innata para crear algo puramente autentico y artístico. Siendo si mismo y absorto en ideas propias que distaban del trabajo similarmente destacado pero grupal que con Soft Machine había realizado en años anteriores, Ayers nos entrega una obra exquisitamente original.

El album, desde su caratula misma destila un aire de circo, y Joy of a Toy Continued, la canción que abre -originalmente titulada “Circus”- alimenta esta idea con una inquietante flauta y coros inspirados en el folklore medieval. Partiendo de este concepto, Kevin Ayers entrega al publico fábulas con aire fantástico ligadas a melodías pop pegadizas que desafortunadamente nunca se mateliarizarian en la admiración y aclamación popular.

[b]Temas favoritos:[/b] Town Feeling, Stop This Train y Lady Rachel.",
2020-01-01,Kevin Ayers,Whatevershebringswesing,1972,6,n,,
2020-01-01,Babybird,There's Something Going On,1998,6,n,,
2020-01-01,Bardo Pond,"Bufo Alvarius, Amen 29:15",1995,6,n,,
2020-01-01,Bark Psychosis,Hex,1994,6,n,,
2020-01-01,Barzin,Notes to an Absent Lover,2009,5,n,,
2020-01-01,Masaki Batoh,Nowhere,2019,4,n,,
2020-01-01,Bauhaus,In the Flat Field,1980,7,n,,
2020-01-01,The Beatles,Abbey Road,1969,7,n,,
2020-01-01,The Bevis Frond,Triptych,1988,6,n,,
2020-01-01,Andrew Bird,My Finest Work Yet,2019,6,n,,
2020-01-01,Birdstone,SEER,2019,4,n,,
2020-01-01,Brant Bjork,Brant Bjork & the Operators,2002,5,n,,
2020-01-01,Brant Bjork,Gods & Goddesses,2010,5,n,,
2020-01-01,Brant Bjork,Jalamanta,1999,6,n,,
2020-01-01,Brant Bjork,Keep Your Cool,2003,4,n,,
2020-01-01,Brant Bjork,Mankind Woman,2018,4,n,,
2020-01-01,Brant Bjork,Punk Rock Guilt,2008,4,n,,
2020-01-01,Brant Bjork,Tres Dias,2007,4,n,,
2020-01-01,Art Blakey,A Night in Tunisia,1961,7,n,,
2020-01-01,Art Blakey,Art Blakey and The Jazz Messengers [Moanin'],1959,8,n,,
2020-01-01,Art Blakey,The Big Beat,1960,7,n,,
2020-01-01,Blind Melon,Soup,1995,6,n,,
2020-01-01,Blown Out,Jet Black Hallucinations,2015,5,n,,
2020-01-01,Blue Cheer,Vincebus Eruptum,1968,7,n,,
2020-01-01,Blue Öyster Cult,Agents of Fortune,1976,6,n,,
2020-01-01,Blue Öyster Cult,Secret Treaties,1974,6,n,,
2020-01-01,David Bowie,&#34,Heroes&#34,,1977,7,n
2020-01-01,David Bowie,Station to Station,1976,8,n,,
2020-01-01,Breathless,Chasing Promises,1989,6,n,,
2020-01-01,Brother JT & Vibrolux,Music for the Other Head,1995,4,n,,
2020-01-01,Edgar Broughton Band,Edgar Broughton Band,1971,6,n,,
2020-01-01,Jeff Buckley,Sketches for My Sweetheart the Drunk,1998,5,n,,
2020-01-01,Tim Buckley,Goodbye and Hello,1967,8,n,,
2020-01-01,Tim Buckley,Greetings From L.A.,1972,6,n,,
2020-01-01,Tim Buckley,Sefronia,1973,5,n,,
2020-01-01,Tim Buckley,Starsailor,1970,8,n,,
2020-01-01,Budgie,In for the Kill,1974,6,n,,
2020-01-01,Buried Feather,Mind of the Swarm,2017,4,n,,
2020-01-01,Cabaret Voltaire,Red Mecca,1981,7,n,,
2020-01-01,Cactus,One Way...or Another,1971,6,n,,
2020-01-01,Caedmon,Caedmon,1978,7,n,,
2020-01-01,Andrés Calamaro,Alta suciedad,1997,6,n,,
2020-01-01,Caravan,In the Land of Grey and Pink,1971,7,n,,
2020-01-01,Car Seat Headrest,Teens of Denial,2016,5,n,,
2020-01-01,Cassiber,Man or Monkey,1982,4,n,,
2020-01-01,Causa Sui,Live in Copenhagen,2017,5,n,,
2020-01-01,Nick Cave & The Bad Seeds,No More Shall We Part,2001,7,n,,
2020-01-01,Nick Cave & The Bad Seeds,Skeleton Tree,2016,7,n,,
2020-01-01,Chicano Batman,Cycles of Existential Rhyme,2014,5,n,,
2020-01-01,Childish Gambino,Because the Internet,2013,6,n,,
2020-01-01,The Church,Starfish,1988,6,n,,
2020-01-01,Circle,Terminal,2017,4,n,,
2020-01-01,The Clash,Combat Rock,1982,6,n,,
2020-01-01,The Clash,Cut the Crap,1985,4,n,,
2020-01-01,The Clash,Give 'Em Enough Rope,1978,6,n,,
2020-01-01,The Clash,London Calling,1979,8,n,,
2020-01-01,Clutch,Jam Room,2000,5,n,,
2020-01-01,Cocteau Twins,Heaven or Las Vegas,1990,8,n,,
2020-01-01,Leonard Cohen,Songs From a Room,1969,7,n,,
2020-01-01,Leonard Cohen,Songs of Love and Hate,1971,9,n,,
2020-01-01,John Coltrane,Blue Train,1958,8,n,,
2020-01-01,Comus,First Utterance,1971,9,n,"Realmente no sé que estaba pasando en las mentes detrás de First Utterance, pero a juzgar por el contenido crudo de sus letras, que hablan de violaciones, necrofilia, y otras acciones convencionalmente inhumanas; me imagino que tenían sus problemas, por decir muy poco. Pero las mismas mentes lograron crear este cuento de terror del folclor medieval. Y aunque las letras son inquietantes y oscuras, la música es surrealista, relajante y emocionante por momentos. No llamaría a esto un álbum, lo llamaría un cuento popular, un mito.",
2020-01-01,Cos,Babel,1978,5,n,,
2020-01-01,The Cosmic Dead,Easterfaust,2014,6,n,,
2020-01-01,Elvis Costello,King of America,1986,5,n,,
2020-01-01,Cotton Jones,Paranoid Cocoon,2009,6,n,,
2020-01-01,The Cure,Three Imaginary Boys,1979,6,n,,
2020-01-01,Dale Cooper Quartet & the Dictaphones,Métamanoir,2011,6,n,,
2020-01-01,Death in June,"But, What Ends When the Symbols Shatter?",1992,7,n,,
2020-01-01,The Delta Saints,Death Letter Jubilee,2013,6,n,,
2020-01-01,Destroyer,Destroyer's Rubies,2006,6,n,,
2020-01-01,Destroyer,Kaputt,2011,6,n,,
2020-01-01,DeWolff,Roux-Ga-Roux,2016,4,n,,
2020-01-01,Dixie Melody Boys,Streetwise,1985,5,n,,
2020-01-01,Dog Faced Hermans,Hum of Life,1993,7,n,,
2020-01-01,The Doors,L.A. Woman,1971,7,n,,
2020-01-01,The Doors,The Doors,1967,9,n,,
2020-01-01,Nick Drake,Five Leaves Left,1969,7,n,,
2020-01-01,Dr. Feelgood,Down by the Jetty,1975,6,n,,
2020-01-01,Dr. Feelgood,Private Practice,1978,5,n,,
2020-01-01,Druid,Druid,2015,5,n,,
2020-01-01,Dune Pilot,Lucy,2018,4,n,,
2020-01-01,Dungen,Allas sak,2015,5,n,,
2020-01-01,Dunst,Archimedes Waffen,2014,6,n,,
2020-01-01,The Durutti Column,LC,1981,7,n,,
2020-01-01,The Durutti Column,Live at the Venue London,1983,7,n,,
2020-01-01,Bob Dylan,Christmas in the Heart,2009,4,n,,
2020-01-01,Bob Dylan,Good as I Been to You,1992,5,n,,
2020-01-01,Bob Dylan,Rough and Rowdy Ways,2020,7,n,,
2020-01-01,Bob Dylan,Tempest,2012,5,n,,
2020-01-01,Bob Dylan,World Gone Wrong,1993,4,n,,
2020-01-01,Earth,The Bees Made Honey in the Lion's Skull,2008,7,n,,
2020-01-01,Matt Elliott,Drinking Songs,2005,7,n,,
2020-01-01,"Ensamble Musical de Buenos Aires, Alejandro Medina, Billy Bond, et al.",La Biblia,1974,7,n,,
2020-01-01,Episode Four,Strike Up Matches,1987,7,n,,
2020-01-01,Los Espíritus,Los Espíritus,2013,6,n,,
2020-01-01,Ethereal Riffian,Aeonian,2014,5,n,,
2020-01-01,Explosions in the Sky,The Earth Is Not a Cold Dead Place,2003,7,n,,
2020-01-01,Fad Gadget,Fireside Favourites,1980,6,n,,
2020-01-01,Father John Misty,"I Love You, Honeybear",2015,6,n,,
2020-01-01,Fat Mattress,Fat Mattress,1969,5,n,,
2020-01-01,Bill Fay,Bill Fay,1970,7,n,,
2020-01-01,The Feelies,In Between,2017,6,n,,
2020-01-01,F/i,Space Mantra,1988,6,n,,
2020-01-01,Fontaines D.C.,Dogrel,2019,6,n,,
2020-01-01,Food Brain,Social Gathering,1970,5,n,,
2020-01-01,Friendship Time,Friendship Time,2007,5,n,,
2020-01-01,The Fur,The Fur,2014,5,n,,
2020-01-01,The Future Primitives,This Here's the Future Primitives,2013,5,n,,
2020-01-01,Futuropaco,Futuropaco,2018,4,n,,
2020-01-01,Gang of Four,Entertainment!,1979,7,n,,
2020-01-01,Godspeed You! Black Emperor,Slow Riot for New Zerø Kanada E.P.,1999,7,n,,
2020-01-01,Grouper,Dragging a Dead Deer Up a Hill,2008,7,n,,
2020-01-01,Steve Gunn,The Unseen in Between,2019,5,n,,
2020-01-01,Haim,Days Are Gone,2013,5,n,,
2020-01-01,Peter Hammill,Over,1977,6,n,,
2020-01-01,Hard Stuff,Bulletproof,1972,5,n,,
2020-01-01,Anna von Hausswolff,Dead Magic,2018,6,n,,
2020-01-01,Hawkwind,Doremi Fasol Latido,1972,6,n,,
2020-01-01,Héroes del Silencio,Senderos de traición,1990,6,n,,
2020-01-01,Heron Oblivion,Heron Oblivion,2016,5,n,,
2020-01-01,The Holydrug Couple,Moonlust,2015,4,n,,
2020-01-01,Rowland S. Howard,Teenage Snuff Film,1999,7,n,,
2020-01-01,Humble Pie,Town & Country,1969,5,n,,
2020-01-01,Idaho,Hearts of Palm,2000,6,n,,
2020-01-01,Into Paradise,Churchtown,1991,6,n,,
2020-01-01,Will Ivy,Scrap Plastic,2016,4,n,,
2020-01-01,James Gang,Rides Again,1970,5,n,,
2020-01-01,Jerusalem,Jerusalem,1972,5,n,,
2020-01-01,Tobias Jesso Jr.,Goon,2015,6,n,,
2020-01-01,Elton John,Honky Château,1972,6,n,,
2020-01-01,Kalamata,You,2014,6,n,,
2020-01-01,The Kilimanjaro Darkjazz Ensemble,Here Be Dragons,2009,5,n,,
2020-01-01,King Crimson,Red,1974,8,n,,
2020-01-01,King Gizzard and the Lizard Wizard,Eyes Like the Sky,2013,5,n,,
2020-01-01,King Gizzard and the Lizard Wizard,I'm in Your Mind Fuzz,2014,7,n,,
2020-01-01,The Kings of Frog Island,IV,2013,7,n,,
2020-01-01,KISS,Destroyer,1976,5,n,,
2020-01-01,KISS,Dressed to Kill,1975,5,n,,
2020-01-01,Kitchens of Distinction,Cowboys and Aliens,1994,6,n,,
2020-01-01,L'Eclair,Polymood,2018,5,n,,
2020-01-01,Levitation Room,Headspace,2019,5,n,,
2020-01-01,Love,Forever Changes,1967,9,n,,
2020-01-01,The Love Dimension,Dream Decibels,2019,6,n,,
2020-01-01,Lucid Sins,Lucid Sins,2014,7,n,,
2020-01-01,The Lunar Effect,Calm Before the Calm,2019,5,n,,
2020-01-01,Lyres,On Fyre,1984,6,n,,
2020-01-01,The Magnetic Fields,The Charm of the Highway Strip,1994,7,n,,
2020-01-01,Mandrax Queen,Mandrax Queen,2013,5,n,,
2020-01-01,Marillion,Clutching at Straws,1987,6,n,"The album cover bleeds 80’s, the good kind of 80’s though, it doesn’t only sets a tone but also, to an extent, a location for several of the songs. One might say it’s a Tom Waits-esque scenario, not only because of the Noir influenced colors but more because of the lyrics. This is an album about loneliness, depression and addictions that doesn’t sound sad or isolated, which is the common factor in albums that deal with these situations. It is also the last album with Fish as Marillion’s leader, this has given the album biased reviews but I think this is the band’s best record by a small stretch, although it’s true that Misplaced Childhood gets more recognition and works better as an introductory piece to the band’s catalog, I find Clutching at Straws to be more daring. Prove of this is the risks they took with songs like Incommunicado and Going Under which are closer to 80’s pop than to their distinctive flavor of progressive rock.",
2020-01-01,Branford Marsalis,Renaissance,1987,6,n,,
2020-01-01,Cass McCombs,Tip of the Sphere,2019,5,n,,
2020-01-01,Justin McRoberts,Deconstruction,2008,6,n,,
2020-01-01,Melvins,Stag,1996,7,n,,
2020-01-01,Mercury Rev,Yerself Is Steam,1991,7,n,,
2020-01-01,MGMT,Little Dark Age,2018,7,n,,
2020-01-01,The Microphones,The Glow Pt. 2,2001,8,n,,
2020-01-01,Charles Mingus,Mingus Mingus Mingus Mingus Mingus,1964,8,n,,
2020-01-01,Joni Mitchell,Blue,1971,7,n,,
2020-01-01,Mogwai,Mogwai Young Team,1997,7,n,,
2020-01-01,Monolord,Empress Rising,2014,6,n,,
2020-01-01,Montrose,Montrose,1973,6,n,,
2020-01-01,The Moody Blues,Days of Future Passed,1967,7,n,,
2020-01-01,Anthony Moore,Flying Doesn't Help,1979,6,n,,
2020-01-01,Moose,...XYZ,1992,6,n,,
2020-01-01,Kevin Morby,Oh My God,2019,6,n,,
2020-01-01,Mother Engine,Absturz,2015,5,n,,
2020-01-01,The Mountain Goats,In League With Dragons,2019,6,n,,
2020-01-01,Mr. Bungle,California,1999,6,n,,
2020-01-01,Mudcrutch,2,2016,5,n,,
2020-01-01,Wire,154,1979,7,n,,
2020-01-01,Daniel Johnston,1990,1990,6,n,,
2020-01-01,Richard Dawson,2020,2019,6,n,,
2020-01-01,November,2:a November,1971,4,n,,
2020-01-01,Silvio Rodríguez,&#34,Al final de este viaje...&#34,,1978,7,n
2020-01-01,Bob Dylan,&#34,Love and Theft&#34,,2001,5,n
2020-01-01,Les Rallizes dénudés,'77 Live,1991,7,n,,
2020-01-01,The Magnetic Fields,50 Song Memoir,2017,6,n,,
2020-01-01,Aphrodite's Child,666,1972,8,n,,
2020-01-01,The Magnetic Fields,69 Love Songs,1999,8,n,,
2020-01-01,Tyrannosaurus Rex,A Beard of Stars,1970,5,n,,
2020-01-01,Mount Eerie,A Crow Looked at Me,2017,6,n,,
2020-01-01,Affinity,Affinity,1970,6,n,,
2020-01-01,Jefferson Airplane,After Bathing at Baxter's,1967,6,n,,
2020-01-01,Neil Young,After the Gold Rush,1970,8,n,,
2020-01-01,The Beatles,A Hard Day's Night,1964,6,n,,
2020-01-01,David Bowie,Aladdin Sane,1973,5,n,,
2020-01-01,Suicide,Alan Vega · Martin Rev,1980,6,n,,
2020-01-01,Algiers,Algiers,2015,4,n,,
2020-01-01,Sonic Boom,All Things Being Equal,2020,7,n,,
2020-01-01,George Harrison,All Things Must Pass,2001,6,n,,
2020-01-01,Arctic Monkeys,AM,2013,5,n,,
2020-01-01,Grateful Dead,American Beauty,1970,6,n,,
2020-01-01,Don McLean,American Pie,1971,6,n,,
2020-01-01,Radiohead,A Moon Shaped Pool,2016,7,n,,
2020-01-01,Spiritualized,And Nothing Hurt,2018,6,n,,
2020-01-01,Andrew Bird,Andrew Bird & The Mysterious Production of Eggs,2005,5,n,,
2020-01-01,Yo La Tengo,And Then Nothing Turned Itself Inside-Out,2000,7,n,,
2020-01-01,Earth,"Angels of Darkness, Demons of Light I",2011,6,n,,
2020-01-01,Earth,"Angels of Darkness, Demons of Light II",2012,6,n,,
2020-01-01,Queen,A Night at the Opera,1975,7,n,,
2020-01-01,Eno,Another Green World,1975,9,n,,
2020-01-01,Bob Dylan,Another Side of Bob Dylan,1964,7,n,,
2020-01-01,Grateful Dead,Anthem of the Sun,1968,7,n,,
2020-01-01,Jethro Tull,Aqualung,1971,7,n,,
2020-01-01,Sharon Van Etten,Are We There,2014,6,n,,
2020-01-01,The Jimi Hendrix Experience,Are You Experienced,1967,8,n,,
2020-01-01,Neil Young,Are You Passionate?,2002,5,n,,
2020-01-01,Armageddon,Armageddon,1975,5,n,,
2020-01-01,Pescado Rabioso,Artaud,1973,9,n,,
2020-01-01,Miles Davis,Ascenseur pour l'échafaud,1958,7,n,,
2020-01-01,Mojave 3,Ask Me Tomorrow,1995,6,n,,
2020-01-01,Shellac,At Action Park,1994,6,n,,
2020-01-01,The Jimi Hendrix Experience,Axis: Bold as Love,1967,7,n,,
2020-01-01,Kevin Ayers,Bananamour,1973,8,n,,
2020-01-01,Beach House,Beach House,2006,6,n,,
2020-01-01,Pond,"Beard, Wives, Denim",2012,6,n,"Inviting first half with highlights in the tracks Elegant Design, Sorry I Was Under the Sky and Allergies; and unfortunately a disappointing second half with forgettable songs, Eye Pattern Blindness being the only exception.",
2020-01-01,The Beatles,Beatles for Sale,1964,5,n,,
2020-01-01,Ultimate Spinach,Behold & See,1968,7,n,,
2020-01-01,Bitch Magnet,Ben Hur,1990,6,n,,
2020-01-01,Stella Donnelly,Beware of the Dogs,2019,5,n,,
2020-01-01,Darkswoon,Bind,2019,4,n,,
2020-01-01,Chelsea Wolfe,Birth of Violence,2019,6,n,,
2020-01-01,Miles Davis,Bitches Brew,1970,9,n,,
2020-01-01,Dopelord,"Black Arts, Riff Worship & Weed Cult",2014,6,n,,
2020-01-01,Black Sabbath,Black Sabbath,1970,7,n,,
2020-01-01,Black Sabbath,Black Sabbath Vol. 4,1972,6,n,,
2020-01-01,David Bowie,★ [Blackstar],2016,7,n,,
2020-01-01,Clutch,Blast Tyrant,2004,6,n,,
2020-01-01,Blind Faith,Blind Faith,1969,7,n,,
2020-01-01,Bob Dylan,Blonde on Blonde,1966,10,n,,
2020-01-01,Bob Dylan,Blood on the Tracks,1975,8,n,,
2020-01-01,Tim Buckley,Blue Afternoon,1969,7,n,,
2020-01-01,Cocteau Twins,Blue Bell Knoll,1988,7,n,,
2020-01-01,Blue Scholars,Blue Scholars,2004,7,n,,
2020-01-01,Tom Waits,Blue Valentine,1978,7,n,,
2020-01-01,Jack White,Blunderbuss,2012,7,n,,
2020-01-01,Gustavo Cerati,Bocanada,1999,8,n,"Bocanada by Cerati can be described as &#34;atmospheric poetry&#34;, in 2 words one gets the best of the two worlds that decorate this intrinsically intimate record: whispering, delicate and affable electronic sounds and beautiful latin-american poetry.",
2020-01-01,Boris,Boris at Last -Feedbacker-,2003,7,n,,
2020-01-01,Bruce Springsteen,Born in the U.S.A.,1984,6,n,,
2020-01-01,Bruce Springsteen,Born to Run,1975,6,n,,
2020-01-01,Boston,Boston,1976,6,n,,
2020-01-01,Supertramp,Breakfast in America,1979,6,n,,
2020-01-01,Bob Dylan,Bringing It All Back Home,1965,8,n,,
2020-01-01,Dire Straits,Brothers in Arms,1985,6,n,,
2020-01-01,Nick Drake,Bryter Layter,1970,7,n,,
2020-01-01,Buena Vista Social Club,Buena Vista Social Club,1997,8,n,,
2020-01-01,Buffalo Springfield,Buffalo Springfield,1966,6,n,,
2020-01-01,Buffalo Springfield,Buffalo Springfield Again,1967,6,n,,
2020-01-01,Cap'n Jazz,"Burritos, Inspiration Point, Fork Balloon Sports, Cards in the Spokes, Automatic Biographies, Kites, Kung Fu, Trophies, Banana Peels We've Slipped On and Egg Shells We've Tippy Toed Over",1995,6,n,,
2020-01-01,Contortions,Buy,1979,6,n,,
2020-01-01,Cactus,Cactus,1970,6,n,,
2020-01-01,American Music Club,California,1988,7,n,,
2020-01-01,Captain Beyond,Captain Beyond,1972,7,n,,
2020-01-01,Candy Claws,Ceres & Calypso in the Deep Time,2013,7,n,,
2020-01-01,Wire,Chairs Missing,1978,7,n,,
2020-01-01,Admiral Sir Cloudesley Shovell,Check'Em Before You Wreck'Em,2014,5,n,,
2020-01-01,Nico,Chelsea Girl,1967,6,n,,
2020-01-01,Chet Baker Trio Featuring Philip Catherine,Chet's Choice,1985,7,n,,
2020-01-01,Chet Baker,Chet Baker Sings,1954,7,n,,
2020-01-01,Chicano Batman,Chicano Batman,2010,4,n,,
2020-01-01,Dopelord,Children of the Haze,2017,4,n,,
2020-01-01,The Growlers,Chinese Fountain,2014,6,n,,
2020-01-01,The Dukes of Stratosphear,Chips From the Chocolate Fireball,1987,6,n,,
2020-01-01,Ween,Chocolate and Cheese,1994,7,n,,
2020-01-01,The Durutti Column,Circuses and Bread,1986,6,n,,
2020-01-01,Tom Waits,Closing Time,1973,7,n,,
2020-01-01,The Flaming Lips,Clouds Taste Metallic,1995,5,n,,
2020-01-01,Clutch,Clutch,1995,6,n,,
2020-01-01,Rodriguez,Cold Fact,1970,7,n,,
2020-01-01,Sibylle Baier,Colour Green,2006,7,n,,
2020-01-01,Rodriguez,Coming From Reality,2009,6,n,,
2020-01-01,Dire Straits,Communiqué,1979,6,n,,
2020-01-01,Duster,Contemporary Movement,2000,6,n,,
2020-01-01,Lee Hazlewood,Cowboy in Sweden,1970,8,n,"El año es 1966, y el ya legendario Frank Sinatra busca dar inicio a la carrera musical de su hija Nancy, para esto, recluta al compositor y productor Lee Hazlewood, quien daría luz a uno de los más grandes éxitos populares de la década de los sesentas These Boots Are Made for Walkin’ de Nancy Sinatra.

El apabullante éxito de Boots le daría a Hazlewood fondos suficientes para crear su propio sello discográfico y llevar una vida de comodidades.

Cuatro años más tarde, después del fracaso comercial de su sello, Hazlewood dejaría los Estados Unidos para ubicarse definitivamente en Suecia, país donde ya había trabajado como actor en proyectos del director Torbjörn Axelman-. Regresaría al país escandinavo para poner en marcha un nuevo proyecto audiovisual del mismo cineasta, dando así vida a Cowboy in Sweden (Vaquero en Suecia), más que una película convencional, era realmente una selección de escenas de Hazlewood cabalgando en paisajes suecos con sus canciones de fondo, pero que dejaría una joya artística en su album del mismo nombre.

“Vaquero en Suecia” como título fija un escenario contradictorio. La imagen del cowboy es en esencia la del hombre ganadero en países como Estados Unidos y Canadá, y esta evoca consigo el desierto de Texas y el lejano oeste popularizado en el cine western. Es difícil entonces imaginarse a un vaquero en los paisajes sombríos y helados de Escandinavia.

Es sin embargo en ese escenario surreal que Hazlewood crea una obra singularmente psicodélica y brumosa, que se erigiría como opera magna en su carrera como solista. Se trata de una mezcla exquisita de melodías barrocas con tintes de folk psicodélico que por una parte relata romances problemáticos que cobran vida en los duetos con Nina Lizell en Leather & Lace y la seductora Hey, Cowboy.

Y por otra parte expresa con letras introspectivas y melancólicas, la ansiedad existencial y los sentimientos de crudeza en el mundo en temas como Cool Hard Times

[i]Escuché que mi hermano murió la semana pasada
de una sobredosis de odio inyectada en sus venas
Escuché que el predicador dijo que Dios debe tener sentido del humor
porque cuando lo pusieron en la tumba, ni siquiera llovió[/i]

Haciendo referencia con estas no solo a la crueldad y daño causado por la adicción a las drogas, si no que también cuestiona el sentido y la relevancia de la vida misma.

Mientras que en Pray Them Bars Away, –un blues a los encarcelados que recuerda a At Folsom Prison, el mítico álbum de Johnny Cash– Hazlewood indaga en los sentimientos de un preso que enfrenta la realidad: su vida ahora consiste en rejas y muros, su preciada libertad ha escapado.

[i]Cuatro años ya, y veintiuno más
Aún faltan diez mil desayunos
Y catorce millones de segundos viviendo así
Es hora de empezar a rezar para que se vayan estas rejas[/i]

Cowboy in Sweden, el disco, es una obra que le dio a la música Country un muy necesitado nuevo aire, elevando el género a su estado más artístico con diligentes arreglos orquestales, romance y filosofía.",
2020-01-01,The Feelies,Crazy Rhythms,1980,8,n,,
2020-01-01,Tame Impala,Currents,2015,7,n,,
2020-01-01,Red Temple Spirits,Dancing to Restore an Eclipsed Moon,1988,6,n,,
2020-01-01,The Jesus and Mary Chain,Darklands,1987,7,n,,
2020-01-01,Bruce Springsteen,Darkness on the Edge of Town,1978,7,n,,
2020-01-01,Cold Sun,Dark Shadows,1989,7,n,,
2020-01-01,Daughters,Daughters,2010,7,n,,
2020-01-01,David Gilmour,David Gilmour,1978,6,n,,
2020-01-01,Sonic Youth,Daydream Nation,1988,8,n,,
2020-01-01,Porcupine Tree,Deadwing,2005,7,n,,
2020-01-01,Have a Nice Life,Deathconsciousness,2008,8,n,,
2020-01-01,Atomic Rooster,Death Walks Behind You,1970,6,n,,
2020-01-01,This Heat,Deceit,1981,7,n,,
2020-01-01,Drop Nineteens,Delaware,1992,7,n,,
2020-01-01,Mercury Rev,Deserter's Songs,1998,6,n,,
2020-01-01,Nico,Desertshore,1970,8,n,,
2020-01-01,Aldous Harding,Designer,2019,6,n,,
2020-01-01,Bob Dylan,Desire,1976,6,n,,
2020-01-01,Eagles,Desperado,1973,5,n,,
2020-01-01,Dżem,Detox,1991,5,n,,
2020-01-01,The Units,Digital Stimulation,1980,7,n,,
2020-01-01,Dino Valente,Dino Valente,1968,6,n,,
2020-01-01,Dire Straits,Dire Straits,1978,5,n,,
2020-01-01,Alice in Chains,Dirt,1992,6,n,,
2020-01-01,Daft Punk,Discovery,2001,7,n,,
2020-01-01,The Cure,Disintegration,1989,8,n,,
2020-01-01,Kalamata,Disruption,2017,4,n,,
2020-01-01,Sleep,Dopesmoker,2013,7,n,,
2020-01-01,Curve,Doppelgänger,1992,6,n,,
2020-01-01,Red House Painters,Down Colorful Hill,1992,9,n,,
2020-01-01,Bob Dylan,Down in the Groove,1988,4,n,,
2020-01-01,Bill Callahan,Dream River,2013,6,n,,
2020-01-01,Chilliwack,"Dreams, Dreams, Dreams",1976,5,n,,
2020-01-01,Thee Oh Sees,Drop,2014,6,n,,
2020-01-01,Eagles,Eagles,1972,5,n,,
2020-01-01,Can,Ege bamyası,1972,8,n,,
2020-01-01,Elliott Smith,Either / Or,1997,7,n,,
2020-01-01,The Jimi Hendrix Experience,Electric Ladyland,1968,8,n,,
2020-01-01,Country Joe & The Fish,Electric Music for the Mind and Body,1967,6,n,,
2020-01-01,Frozen Planet....1969,Electric Smokehouse,2017,4,n,,
2020-01-01,T. Rex,Electric Warrior,1971,6,n,,
2020-01-01,Invisible,El jardín de los presentes,1976,8,n,,
2020-01-01,The Flaming Lips,Embryonic,2009,6,n,,
2020-01-01,Bob Dylan,Empire Burlesque,1985,4,n,,
2020-01-01,Yndi Halda,Enjoy Eternal Bliss,2005,7,n,,
2020-01-01,The Residents,Eskimo,1979,7,n,,
2020-01-01,Causa Sui,Euporie Tide,2013,7,n,,
2020-01-01,Jim O'Rourke,Eureka,1999,7,n,,
2020-01-01,Supertramp,Even in the Quietest Moments...,1977,6,n,,
2020-01-01,Neil Young with Crazy Horse,Everybody Knows This Is Nowhere,1969,7,n,,
2020-01-01,Sonic Youth,EVOL,1986,7,n,,
2020-01-01,Survivor,Eye of the Tiger,1982,5,n,,
2020-01-01,Godspeed You Black Emperor!,F♯A♯∞,1997,9,n,,
2020-01-01,Loop,Fade Out,1988,7,n,,
2020-01-01,Faust,Faust,1971,8,n,,
2020-01-01,John Cale,Fear,1974,7,n,,
2020-01-01,Fiona Apple,Fetch the Bolt Cutters,2020,7,n,,
2020-01-01,Swans,Filth,1983,5,n,,
2020-01-01,Pentagram,First Daze Here: The Vintage Collection,2002,6,n,,
2020-01-01,Ty Segall,First Taste,2019,6,n,,
2020-01-01,King Gizzard and the Lizard Wizard,Fishing for Fishies,2019,5,n,,
2020-01-01,King Gizzard and the Lizard Wizard,Float Along - Fill Your Lungs,2013,7,n,,
2020-01-01,Terence Blanchard,Flow,2005,6,n,,
2020-01-01,King Gizzard and the Lizard Wizard,Flying Microtonal Banana,2017,7,n,,
2020-01-01,Flying Saucer Attack,Flying Saucer Attack [Rural Psychedelia],1993,7,n,,
2020-01-01,Bon Iver,"For Emma, Forever Ago",2007,6,n,,
2020-01-01,Kikagaku Moyo,Forest of Lost Children,2014,7,n,,
2020-01-01,Felt,Forever Breathes the Lonely Word,1986,6,n,,
2020-01-01,Don Caballero,For Respect,1993,6,n,,
2020-01-01,Roxy Music,For Your Pleasure,1973,8,n,"With this album Roxy Music defined what glamour was in Rock history, finding a middle ground between pop culture's extravaganza and Rock music unapologetic aptitude.

Favorite tracks include Beauty Queen, Editions of You, The Bogus Man and For Your Pleasure.",
2020-01-01,Chet Baker,Four: Chet Baker in Tokyo,1989,7,n,,
2020-01-01,The Mothers of Invention,Freak Out!,1966,8,n,,
2020-01-01,Julian Cope,Fried,1984,6,n,,
2020-01-01,Codeine,Frigid Stars LP,1990,6,n,,
2020-01-01,Tom Petty,Full Moon Fever,1989,6,n,,
2020-01-01,Monomyth,Further,2014,6,n,,
2020-01-01,Can,Future Days,1973,8,n,,
2020-01-01,Nick Cave and The Bad Seeds,Ghosteen,2019,6,n,,
2020-01-01,Sun Kil Moon,Ghosts of the Great Highway,2003,7,n,,
2020-01-01,Giles Corey,Giles Corey,2011,9,n,,
2020-01-01,Father John Misty,God's Favorite Customer,2018,6,n,,
2020-01-01,Ryan Adams,Gold,2001,6,n,,
2020-01-01,Jeff Buckley,Grace,1994,8,n,,
2020-01-01,DeWolff,Grand Southern Electric,2014,6,n,,
2020-01-01,Granicus,Granicus,1973,5,n,,
2020-01-01,Leaf Hound,Growers of Mushroom,1971,6,n,,
2020-01-01,King Gizzard & the Lizard Wizard,Gumboot Soup,2017,6,n,,
2020-01-01,Deerhunter,Halcyon Digest,2010,6,n,,
2020-01-01,Chrome,Half Machine Lip Moves,1979,8,n,,
2020-01-01,Mother Engine,Hangar,2017,4,n,,
2020-01-01,Tim Buckley,Happy Sad,1969,10,n,"Tim Buckley’s &#34;Happy Sad&#34; is an album that judged upon instrumental interpretations alone stands on its own as an excellent record. But the addition of Tim’s resonant vocal performances make it a true masterpiece of the genre. And even though it’s hard to grasp exactly what genres it belongs to it’s safe to settle somewhere between jazz and psychedelic folk. This is a record that without attempting to brings peace and tranquility, which is something that results from the well placed effects, the versatility of the singer and the melancholic lyrics. When every little piece of “Happy Sad“ comes together so beautifully it charms you and that’s exactly what makes it one of my all time favorite records.",
2020-01-01,Bob Dylan,Hard Rain,1976,7,n,,
2020-01-01,Harry Pussy,Harry Pussy [A: In an Emergency You Can Shit on a Puerto Rican Whore],1993,4,n,,
2020-01-01,Neil Young,Harvest,1972,7,n,,
2020-01-01,The Blue Nile,Hats,1989,6,n,,
2020-01-01,Ryan Adams,Heartbreaker,2000,8,n,,
2020-01-01,Loop,Heaven's End,1987,6,n,,
2020-01-01,Tram,Heavy Black Frame,1999,7,n,,
2020-01-01,The Beatles,Help!,1965,6,n,,
2020-01-01,Eno,Here Come the Warm Jets,1974,7,n,,
2020-01-01,Valium Aggelein,Hier kommt der schwartze Mond,1998,8,n,,
2020-01-01,Bob Dylan,Highway 61 Revisited,1965,8,n,,
2020-01-01,FareWell Poetry,Hoping for the Invisible to Ignite,2011,6,n,,
2020-01-01,The Antlers,Hospice,2009,7,n,,
2020-01-01,Eagles,Hotel California,1976,6,n,,
2020-01-01,Long Fin Killie,Houdini,1995,7,n,,
2020-01-01,The Angels of Light,How I Loved You,2001,7,n,,
2020-01-01,Roy Harper,HQ,1975,7,n,,
2020-01-01,Arctic Monkeys,Humbug,2009,4,n,,
2020-01-01,The Wisdoom,Hypothalamus,2014,5,n,,
2020-01-01,Leonard Cohen,I'm Your Man,1988,7,n,,
2020-01-01,Yo La Tengo,I Can Hear the Heart Beating as One,1997,7,n,,
2020-01-01,Low,I Could Live in Hope,1994,7,n,,
2020-01-01,Caravan,"If I Could Do It All Over Again, I'd Do It All Over You",1970,6,n,,
2020-01-01,David Crosby,If I Could Only Remember My Name,1971,7,n,,
2020-01-01,Belle and Sebastian,If You're Feeling Sinister,1996,7,n,,
2020-01-01,Johnny Hartman,I Just Dropped By to Say Hello,1964,7,n,,
2020-01-01,Sufjan Stevens,Illinois,2005,6,n,,
2020-01-01,The Pastels,Illumination,1997,5,n,,
2020-01-01,Radare,Im Argen,2015,6,n,,
2020-01-01,Porcupine Tree,In absentia,2002,7,n,,
2020-01-01,Miles Davis,In a Silent Way,1969,8,n,,
2020-01-01,King Gizzard and the Lizard Wizard,Infest the Rats' Nest,2019,7,n,,
2020-01-01,Bob Dylan,Infidels,1983,5,n,,
2020-01-01,Dick Stusso,In Heaven,2018,6,n,,
2020-01-01,Jim O'Rourke,Insignificance,2001,7,n,,
2020-01-01,King Crimson,In the Court of the Crimson King,1969,10,n,"[i]Epitaph[/i] es tal vez la mas hermosa composición en la historia del Rock. In the Court of the Crimson King es un album que lo tiene todo: innovación, relevancia e influencia.",
2020-01-01,Caravan,In the Land of Grey and Pink,1971,8,n,,
2020-01-01,Lilys,In the Presence of Nothing,1992,6,n,,
2020-01-01,Eddie Vedder,Into the Wild,2007,7,n,,
2020-01-01,Disappears,Irreal,2015,5,n,,
2020-01-01,Bonnie 'Prince' Billy,I See a Darkness,1999,6,n,,
2020-01-01,My Bloody Valentine,Isn't Anything,1988,7,n,,
2020-01-01,The Strokes,Is This It,2001,7,n,,
2020-01-01,El Altar del Holocausto,- I T -,2019,4,n,,
2020-01-01,This Mortal Coil,It'll End in Tears,1984,6,n,,
2020-01-01,The Microphones,"It Was Hot, We Stayed in the Water",2000,7,n,,
2020-01-01,Jackson C. Frank,Jackson C. Frank,1965,7,n,,
2020-01-01,Jake Bugg,Jake Bugg,2012,7,n,,
2020-01-01,Queen,Jazz,1978,6,n,,
2020-01-01,Bob Dylan,John Wesley Harding,1967,7,n,,
2020-01-01,Kevin Ayers / John Cale / Eno / Nico,"June 1, 1974",1974,7,n,,
2020-01-01,Slowdive,Just for a Day,1991,6,n,,
2020-01-01,The Brave Little Abacus,Just Got Back From the Discomfort—We're Alright,2010,7,n,,
2020-01-01,MC5,Kick Out the Jams,1969,7,n,,
2020-01-01,Miles Davis,Kind of Blue,1959,9,n,,
2020-01-01,Sir Lord Baltimore,Kingdom Come,1970,7,n,,
2020-01-01,Bob Dylan,Knocked Out Loaded,1986,4,n,,
2020-01-01,Be Forest,Knocturne,2019,4,n,,
2020-01-01,Talk Talk,Laughing Stock,1991,9,n,,
2020-01-01,Derek and The Dominos,Layla and Other Assorted Love Songs,1970,7,n,,
2020-01-01,Jack White,Lazaretto,2014,6,n,,
2020-01-01,Spiritualized,Lazer Guided Melodies,1992,7,n,,
2020-01-01,Unwound,Leaves Turn Inside You,2001,7,n,,
2020-01-01,Swans,leaving meaning.,2019,7,n,,
2020-01-01,Led Zeppelin,Led Zeppelin,1969,7,n,,
2020-01-01,Led Zeppelin,Led Zeppelin II,1969,8,n,,
2020-01-01,Led Zeppelin,Led Zeppelin [IV],1971,7,n,,
2020-01-01,The Replacements,Let It Be,1984,6,n,,
2020-01-01,The Beatles,Let It Be,1970,6,n,,
2020-01-01,Nick Cave and The Bad Seeds,Let Love In,1994,8,n,,
2020-01-01,Godspeed You Black Emperor!,Lift Yr. Skinny Fists Like Antennas to Heaven!,2000,8,n,,
2020-01-01,Porcupine Tree,Lightbulb Sun,2000,7,n,,
2020-01-01,35007,Liquid,2002,5,n,,
2020-01-01,High Rise,Live,1994,7,n,,
2020-01-01,David Bowie,Lodger,1979,7,n,,
2020-01-01,Atlas Sound,Logos,2009,6,n,,
2020-01-01,A.R. Kane,Lollita,1987,6,n,,
2020-01-01,Another Sunny Day,London Weekend,1992,6,n,,
2020-01-01,Low,Long Division,1995,6,n,,
2020-01-01,Endless Boogie,Long Island,2013,5,n,,
2020-01-01,Fishmans,Long Season,1996,9,n,,
2020-01-01,Tim Buckley,Look at the Fool,1974,5,n,,
2020-01-01,Tim Buckley,Lorca,1970,9,n,,
2020-01-01,Eef Barzelay,Lose Big,2008,5,n,,
2020-01-01,Peter Murphy,Love Hysteria,1988,5,n,,
2020-01-01,Kitchens of Distinction,Love Is Hell,1989,6,n,,
2020-01-01,Dire Straits,Love Over Gold,1982,6,n,,
2020-01-01,David Bowie,Low,1977,7,n,,
2020-01-01,LSD and the Search for God,LSD and the Search for God,2007,7,n,,
2020-01-01,Lucifer's Friend,Lucifer's Friend,1970,7,n,,
2020-01-01,Iggy Pop,Lust for Life,1977,6,n,,
2020-01-01,Deep Purple,Machine Head,1972,7,n,,
2020-01-01,The Beatles,Magical Mystery Tour,1967,8,n,,
2020-01-01,Dopelord,Magick Rites,2012,5,n,,
2020-01-01,Car Seat Headrest,Making a Door Less Open,2020,5,n,,
2020-01-01,Dire Straits,Making Movies,1980,6,n,,
2020-01-01,Television,Marquee Moon,1977,10,n,,
2020-01-01,The Electric Prunes,Mass in F Minor,1968,6,n,,
2020-01-01,Black Sabbath,Master of Reality,1971,8,n,,
2020-01-01,Grateful Dead,May 1977: Get Shown the Light,2017,7,n,,
2020-01-01,Spellling,Mazy Fly,2019,6,n,,
2020-01-01,My Bloody Valentine,m b v,2013,7,n,,
2020-01-01,Mclusky,Mclusky Do Dallas,2002,8,n,,
2020-01-01,The Smiths,Meat Is Murder,1985,7,n,,
2020-01-01,Animal Collective,Merriweather Post Pavilion,2009,6,n,,
2020-01-01,PiL,Metal Box,1979,7,n,,
2020-01-01,The Brian Jonestown Massacre,Methodrone,1995,7,n,,
2020-01-01,Deerhunter,Microcastle / Weird Era Continued,2008,5,n,,
2020-01-01,Tortoise,Millions Now Living Will Never Die,1996,7,n,,
2020-01-01,Jouis,Mind Bahn,2019,4,n,,
2020-01-01,Magmakammer,Mindtripper,2018,4,n,,
2020-01-01,Charles Mingus,Mingus Ah Um,1959,8,n,,
2020-01-01,Camel,Mirage,1974,8,n,,
2020-01-01,Strider,Misunderstood,1974,5,n,,
2020-01-01,Bob Dylan,Modern Times,2006,6,n,,
2020-01-01,Van Morrison,Moondance,1970,7,n,,
2020-01-01,The Doors,Morrison Hotel,1970,6,n,,
2020-01-01,Leslie West,Mountain,1969,6,n,,
2020-01-01,Traffic,Mr. Fantasy,1967,6,n,,
2020-01-01,Nick Cave and The Bad Seeds,Murder Ballads,1996,7,n,,
2020-01-01,The Band,Music From Big Pink,1968,5,n,,
2020-01-01,Boards of Canada,Music Has the Right to Children,1998,7,n,,
2020-01-01,Elvis Costello,My Aim Is True,2001,6,n,,
2020-01-01,John Coltrane,My Favorite Things,1961,9,n,,
2020-01-01,Sparks,N° 1 in Heaven,1979,7,n,,
2020-01-01,John Zorn,Naked City,1990,5,n,,
2020-01-01,Bob Dylan,Nashville Skyline,1969,6,n,,
2020-01-01,Heroin and Your Veins,Nausea,2009,5,n,,
2020-01-01,Bruce Springsteen,Nebraska,1982,8,n,,
2020-01-01,Nirvana,Nevermind,1991,7,n,,
2020-01-01,Sex Pistols,Never Mind the Bollocks Here's the Sex Pistols,1977,6,n,,
2020-01-01,Budgie,Never Turn Your Back on a Friend,1973,7,n,,
2020-01-01,Simple Minds,New Gold Dream (81-82-83-84),1982,5,n,,
2020-01-01,Bob Dylan,New Morning,1970,5,n,,
2020-01-01,Unwound,New Plastic Ideas,1994,7,n,,
2020-01-01,Lou Reed,New York,1989,6,n,,
2020-01-01,Bob Dylan,New York Sessions: Blood on the Tracks,1998,7,n,,
2020-01-01,King Gizzard and the Lizard Wizard,Nonagon Infinity,2016,8,n,,
2020-01-01,Jane's Addiction,Nothing's Shocking,1988,6,n,,
2020-01-01,Siekiera,Nowa Aleksandria,1986,5,n,,
2020-01-01,Republika,Nowe sytuacje,1983,6,n,,
2020-01-01,Ride,Nowhere,1990,7,n,,
2020-01-01,Witchcraft,Nucleus,2016,4,n,,
2020-01-01,Alexander Spence,Oar,1969,7,n,,
2020-01-01,Red House Painters,Ocean Beach,1995,6,n,,
2020-01-01,King Gizzard & the Lizard Wizard,Oddments,2014,6,n,,
2020-01-01,Bob Dylan,Oh Mercy,1989,6,n,,
2020-01-01,Charles Mingus,Oh Yeah,1962,7,n,,
2020-01-01,Caspian,On Circles,2020,5,n,,
2020-01-01,Galaxie 500,On Fire,1989,8,n,,
2020-01-01,Neil Young,On the Beach,1974,8,n,,
2020-01-01,Porcupine Tree,On the Sunday of Life...,1992,6,n,,
2020-01-01,Sólstafir,Ótta,2014,6,n,,
2020-01-01,The Police,Outlandos d'Amour,1978,7,n,,
2020-01-01,Radiohead,Pablo Honey,1993,6,n,,
2020-01-01,Dennis Wilson,Pacific Ocean Blue,1977,7,n,,
2020-01-01,Yo La Tengo,Painful,1993,7,n,,
2020-01-01,Blondie,Parallel Lines,1978,6,n,,
2020-01-01,Black Sabbath,Paranoid,1970,8,n,,
2020-01-01,John Cale,Paris 1919,1973,7,n,,
2020-01-01,Julian Cope,Peggy Suicide,1991,0,n,,
2020-01-01,Stereolab,Peng!,1992,4,n,,
2020-01-01,Earth,Pentastar: In the Style of Demons,1996,7,n,,
2020-01-01,Built to Spill,Perfect From Now On,1997,7,n,,
2020-01-01,Panda Bear,Person Pitch,2007,7,n,,
2020-01-01,Pescado Rabioso,Pescado 2,1973,7,n,,
2020-01-01,Causa Sui,Pewt'r Sessions 3,2014,6,n,,
2020-01-01,The 77s,Ping Pong Over the Abyss,1983,6,n,,
2020-01-01,Boris,Pink,2005,7,n,,
2020-01-01,Wire,Pink Flag,1977,8,n,,
2020-01-01,Nick Drake,Pink Moon,1972,10,n,,
2020-01-01,Bob Dylan,Planet Waves,1974,5,n,,
2020-01-01,Death Cab for Cutie,Plans,2005,6,n,,
2020-01-01,Au Pairs,Playing With a Different Sex,1981,7,n,,
2020-01-01,The Beatles,Please Please Me,1963,6,n,,
2020-01-01,Destroyer,Poison Season,2015,5,n,,
2020-01-01,Antiguo Régimen,Política de tierra quemada,2014,5,n,,
2020-01-01,King Gizzard and the Lizard Wizard,Polygondwanaland,2017,7,n,,
2020-01-01,New Order,"Power, Corruption & Lies",1983,7,n,,
2020-01-01,Survivor,Premonition,1981,5,n,,
2020-01-01,Primal Scream,Primal Scream,1989,6,n,,
2020-01-01,Earth,Primitive and Deadly,2014,6,n,,
2020-01-01,The Jesus and Mary Chain,Psychocandy,1985,7,n,,
2020-01-01,Women,Public Strain,2010,7,n,,
2020-01-01,Spiritualized Electric Mainline,Pure Phase,1995,7,n,,
2020-01-01,Purple Mountains,Purple Mountains,2019,6,n,,
2020-01-01,Nick Cave & The Bad Seeds,Push the Sky Away,2013,8,n,,
2020-01-01,King Gizzard & the Lizard Wizard,Quarters!,2015,6,n,,
2020-01-01,Pat Metheny Group,Quartet,1996,7,n,,
2020-01-01,Quatermass,Quatermass,1970,6,n,,
2020-01-01,Ween,Quebec,2003,7,n,,
2020-01-01,Daft Punk,Random Access Memories,2013,6,n,,
2020-01-01,Magazine,Real Life,1978,7,n,,
2020-01-01,Sharon Van Etten,Remind Me Tomorrow,2019,6,n,,
2020-01-01,1000mods,Repeated Exposure To…,2016,4,n,,
2020-01-01,Unwound,Repetition,1996,7,n,,
2020-01-01,Migala,Restos de un incendio,2002,5,n,,
2020-01-01,The Beatles,Revolver,1966,7,n,,
2020-01-01,Robert Wyatt,Rock Bottom,1974,9,n,,
2020-01-01,Ramones,Rocket to Russia,1977,6,n,,
2020-01-01,Keaton Henson,Romantic Works,2014,5,n,,
2020-01-01,The Beatles,Rubber Soul,1965,7,n,,
2020-01-01,Grouper,Ruins,2014,7,n,,
2020-01-01,Fleetwood Mac,Rumours,1977,7,n,,
2020-01-01,DMB Band,Run Little Brother,1986,5,n,,
2020-01-01,Hood,"Rustic Houses, Forlorn Valleys",1998,6,n,,
2020-01-01,Neil Young & Crazy Horse,Rust Never Sleeps,1979,7,n,,
2020-01-01,Mac DeMarco,Salad Days,2014,6,n,,
2020-01-01,Flower Travellin' Band,Satori,1971,6,n,,
2020-01-01,black midi,Schlagenheim,2019,6,n,,
2020-01-01,Scott Walker,Scott 4,1969,8,n,,
2020-01-01,The Chameleons,Script of the Bridge,1983,7,n,,
2020-01-01,Beck,Sea Change,2002,6,n,,
2020-01-01,High Tide,Sea Shanties,1969,6,n,,
2020-01-01,The Pretty Things,S.F. Sorrow,1968,7,n,,
2020-01-01,The Beatles,Sgt. Pepper's Lonely Hearts Club Band,1967,8,n,,
2020-01-01,Deep Purple,Shades of Deep Purple,1968,6,n,,
2020-01-01,Jake Bugg,Shangri La,2013,5,n,,
2020-01-01,Kevin Ayers and the Whole World,Shooting at the Moon,1970,6,n,,
2020-01-01,Medicine,Shot Forth Self Living,1992,7,n,,
2020-01-01,Mission of Burma,"Signals, Calls, and Marches",1981,7,n,,
2020-01-01,Porcupine Tree,Signify,1996,6,n,,
2020-01-01,Buzzcocks,Singles Going Steady,1979,6,n,,
2020-01-01,Chet Baker,Sings and Plays From the Film &#34,Let's Get Lost&#34,,1989,7,n
2020-01-01,Set Fire to Flames,Sings Reign Rebuilder,2001,6,n,,
2020-01-01,The Skiffle Players,Skifflin',2016,5,n,,
2020-01-01,Sleep,Sleep's Holy Mountain,1992,6,n,,
2020-01-01,Slowdive,Slowdive,2017,6,n,,
2020-01-01,Eric Clapton,Slowhand,1977,6,n,,
2020-01-01,Bob Dylan,Slow Train Coming,1979,5,n,,
2020-01-01,John Martyn,Solid Air,1973,6,n,,
2020-01-01,The Horace Silver Quintet,Song for My Father,1965,8,n,,
2020-01-01,Carissa's Wierd,Songs About Leaving,2002,7,n,,
2020-01-01,Red House Painters,Songs for a Blue Guitar,1996,6,n,,
2020-01-01,Lou Reed & John Cale,Songs for Drella,1990,7,n,,
2020-01-01,Leonard Cohen,Songs of Leonard Cohen,1967,9,n,,
2020-01-01,Lightning Bolt,Sonic Citadel,2019,7,n,,
2020-01-01,Tonstartssbandht,Sorcerer,2017,6,n,,
2020-01-01,Mazzy Star,So Tonight That I Might See,1993,6,n,,
2020-01-01,Spectrum,Soul Kiss (Glide Divine),1992,7,n,,
2020-01-01,The The,Soul Mining,1983,6,n,,
2020-01-01,Tomasz Stanko Quartet,Soul of Things,2002,6,n,,
2020-01-01,Simon & Garfunkel,Sounds of Silence,1966,6,n,,
2020-01-01,Angelo Badalamenti,Soundtrack From Twin Peaks,1990,6,n,,
2020-01-01,Swans,Soundtracks for the Blind,1996,7,n,,
2020-01-01,The Claypool Lennon Delirium,South of Reality,2019,6,n,,
2020-01-01,Alcest,Souvenirs d'un autre monde,2007,6,n,,
2020-01-01,Slowdive,Souvlaki,1993,7,n,,
2020-01-01,Wayne Shorter,Speak No Evil,1966,8,n,,
2020-01-01,Slint,Spiderland,1991,8,n,,
2020-01-01,Spooky Tooth,Spooky Two,1969,6,n,,
2020-01-01,Budgie,Squawk,1972,6,n,,
2020-01-01,Russian Circles,Station,2008,6,n,,
2020-01-01,Camel,Stationary Traveller,1984,5,n,,
2020-01-01,Prefab Sprout,Steve McQueen,1985,7,n,,
2020-01-01,Roy Harper,Stormcock,1971,6,n,,
2020-01-01,The Doors,Strange Days,1967,7,n,,
2020-01-01,Kitchens of Distinction,Strange Free World,1991,7,n,,
2020-01-01,The Stranglers,Stranglers IV (Rattus Norvegicus),1977,6,n,,
2020-01-01,Duster,Stratosphere,1998,8,n,,
2020-01-01,Porcupine Tree,Stupid Dream,1999,7,n,,
2020-01-01,The Clientele,Suburban Light,2000,7,n,,
2020-01-01,Suicide,Suicide,1977,8,n,,
2020-01-01,Animal Collective,Sung Tongs,2004,7,n,,
2020-01-01,Bohren & der Club of Gore,Sunset Mission,2000,6,n,,
2020-01-01,Donovan,Sunshine Superman,1966,6,n,,
2020-01-01,Jefferson Airplane,Surrealistic Pillow,1967,7,n,,
2020-01-01,Survivor,Survivor,1979,5,n,,
2020-01-01,James Taylor,Sweet Baby James,1970,6,n,,
2020-01-01,Spiritualized?,Sweet Heart Sweet Light,2012,7,n,,
2020-01-01,The Names,Swimming,1982,6,n,,
2020-01-01,Dungen,Ta det lugnt,2004,6,n,,
2020-01-01,Can,Tago Mago,1971,8,n,,
2020-01-01,Spacemen 3,Taking Drugs to Make Music to Take Drugs To,1990,8,n,,
2020-01-01,The Psychedelic Furs,Talk Talk Talk,1981,6,n,,
2020-01-01,Pond,Tasmania,2019,5,n,,
2020-01-01,Cat Stevens,Tea for the Tillerman,1970,6,n,,
2020-01-01,Tear Gas,Tear Gas,1971,5,n,,
2020-01-01,Roy Montgomery,Temple IV,1996,7,n,,
2020-01-01,Ghost,Temple Stone,1993,6,n,,
2020-01-01,Glenn Branca,The Ascension,1981,9,n,,
2020-01-01,Bob Dylan & The Band,The Basement Tapes,1975,7,n,,
2020-01-01,The Beatles,The Beatles [White Album],1968,7,n,,
2020-01-01,Mingus,The Black Saint and the Sinner Lady,1963,9,n,,
2020-01-01,Nick Cave & The Bad Seeds,The Boatman's Call,1997,10,n,,
2020-01-01,The Clash,The Clash,1977,6,n,,
2020-01-01,Pale Saints,The Comforts of Madness,1990,6,n,,
2020-01-01,Wo Fat,The Conjuring,2014,5,n,,
2020-01-01,Uranium Club,The Cosmo Cleaners,2019,5,n,,
2020-01-01,The Dream Syndicate,The Days of Wine and Roses,1982,7,n,,
2020-01-01,Kitchens of Distinction,The Death of Cool,1992,6,n,,
2020-01-01,Smog,The Doctor Came at Dawn,1996,6,n,,
2020-01-01,Jeffertitti's Nile,The Electric Hour,2014,6,n,,
2020-01-01,Bob Dylan,The Freewheelin' Bob Dylan,1963,8,n,,
2020-01-01,Arbouretum,The Gathering,2011,5,n,,
2020-01-01,Swans,The Glowing Man,2016,9,n,,
2020-01-01,Swans,The Great Annihilator,1995,7,n,,
2020-01-01,The Incredible String Band,The Hangman's Beautiful Daughter,1968,6,n,,
2020-01-01,Tom Waits,The Heart of Saturday Night,1974,6,n,,
2020-01-01,Iggy Pop,The Idiot,1977,7,n,,
2020-01-01,Porcupine Tree,The Incident,2009,6,n,,
2020-01-01,U2,The Joshua Tree,1987,6,n,,
2020-01-01,Syd Barrett,The Madcap Laughs,1970,9,n,,
2020-01-01,Magnolia Electric Co.,The Magnolia Electric Co.,2003,6,n,,
2020-01-01,Fred Neil,The Many Sides of Fred Neil,1998,6,n,,
2020-01-01,Nico,The Marble Index,1968,8,n,,
2020-01-01,The Modern Lovers,The Modern Lovers,1976,8,n,,
2020-01-01,Ween,The Mollusk,1997,8,n,,
2020-01-01,Haken,The Mountain,2013,6,n,,
2020-01-01,Uncle Acid,The Night Creeper,2015,7,n,,
2020-01-01,Donald Fagen,The Nightfly,1982,7,n,,
2020-01-01,Josef K,The Only Fun in Town,1981,6,n,,
2020-01-01,Theoretical Girls,Theoretical Girls,2002,5,n,,
2020-01-01,Spacemen 3,The Perfect Prescription,1987,10,n,,
2020-01-01,Pink Floyd,The Piper at the Gates of Dawn,1967,8,n,,
2020-01-01,Jackson Browne,The Pretender,1976,7,n,,
2020-01-01,The Psychedelic Furs,The Psychedelic Furs,1980,6,n,,
2020-01-01,The 13th Floor Elevators,The Psychedelic Sounds of The 13th Floor Elevators,1966,8,n,,
2020-01-01,The Durutti Column,The Return of The Durutti Column,1980,7,n,,
2020-01-01,David Bowie,The Rise and Fall of Ziggy Stardust and the Spiders From Mars,1972,7,n,,
2020-01-01,Bruce Springsteen,The River,1980,7,n,,
2020-01-01,Swans,The Seer,2012,7,n,,
2020-01-01,Druid,The Seven Scrolls,2018,4,n,,
2020-01-01,Bauhaus,The Sky's Gone Out,1982,6,n,,
2020-01-01,Porcupine Tree,The Sky Moves Sideways,1995,6,n,,
2020-01-01,T. Rex,The Slider,1972,6,n,,
2020-01-01,Tame Impala,The Slow Rush,2020,6,n,,
2020-01-01,The Smiths,The Smiths,1984,7,n,,
2020-01-01,Camel,The Snow Goose,1975,7,n,,
2020-01-01,The Flaming Lips,The Soft Bulletin,1999,7,n,Este disco muestra de donde Kevin Parker tomó prestado para crear Tame Impala. Texturas brillantes y alegres. Los remixes de Mokran le dan al album un atractivo pop que le añade a un sonido ya muy cautivador.,
2020-01-01,The Stooges,The Stooges,1969,7,n,,
2020-01-01,Felt,The Strange Idols Pattern and Other Short Stories,1984,4,n,,
2020-01-01,The Beta Band,The Three E.P.'s,1998,6,n,,
2020-01-01,Bob Dylan,The Times They Are A-Changin',1964,7,n,,
2020-01-01,Chet Baker,The Touch of Your Lips,1979,6,n,,
2020-01-01,Cowboy Junkies,The Trinity Session,1988,7,n,,
2020-01-01,Death Angel,The Ultra-Violence,1987,6,n,,
2020-01-01,The Undertones,The Undertones,1979,6,n,,
2020-01-01,The United States of America,The United States of America,1968,9,n,,
2020-01-01,The Velvet Underground,The Velvet Underground,1969,8,n,,
2020-01-01,The Velvet Underground & Nico,The Velvet Underground & Nico,1967,10,n,,
2020-01-01,Pink Floyd,The Wall,1979,8,n,,
2020-01-01,Codeine,The White Birch,1994,7,n,,
2020-01-01,Swirlies,They Spent Their Wild Youthful Days in the Glittering World of the Salons,1996,6,n,,
2020-01-01,Jethro Tull,Thick as a Brick,1972,9,n,,
2020-01-01,Soft Machine,Third,1970,7,n,,
2020-01-01,The Waterboys,This Is the Sea,1985,7,n,,
2020-01-01,Bob Dylan,Time Out of Mind,1997,8,n,,
2020-01-01,Weyes Blood,Titanic Rising,2019,6,n,,
2020-01-01,Galaxie 500,Today,1988,7,n,,
2020-01-01,Polvo,Today's Active Lifestyles,1993,6,n,,
2020-01-01,Bob Dylan,Together Through Life,2009,5,n,,
2020-01-01,Neil Young,Tonight's the Night,1975,7,n,,
2020-01-01,Kevin Rowland & Dexys Midnight Runners,Too-Rye-Ay,1982,6,n,,
2020-01-01,Caetano Veloso,Transa,1972,7,n,,
2020-01-01,Kraftwerk,Trans Europa Express,1977,8,n,,
2020-01-01,Lou Reed,Transformer,1972,7,n,,
2020-01-01,Stereolab,Transient Random-Noise Bursts With Announcements,1993,8,n,,
2020-01-01,Traveling Wilburys,"Traveling Wilburys, Vol. 1",1988,5,n,,
2020-01-01,Traveling Wilburys,"Traveling Wilburys, Vol. 3",1990,5,n,,
2020-01-01,Cocteau Twins,Treasure,1984,8,n,,
2020-01-01,Bruce Springsteen,Tunnel of Love,1987,6,n,,
2020-01-01,Interpol,Turn On the Bright Lights,2002,8,n,,
2020-01-01,Car Seat Headrest,Twin Fantasy,2011,6,n,,
2020-01-01,Angelo Badalamenti,Twin Peaks: Fire Walk With Me,1992,6,n,,
2020-01-01,Ty Segall,Ty Segall,2017,5,n,,
2020-01-01,Kairon, IRSE!,Ujubasajuba,2014,7,n,
2020-01-01,The Electric Prunes,Underground,1967,6,n,,
2020-01-01,Bob Dylan,Under the Red Sky,1990,5,n,,
2020-01-01,The Soft Boys,Underwater Moonlight,1980,7,n,,
2020-01-01,Joy Division,Unknown Pleasures,1979,8,n,,
2020-01-01,Porcupine Tree,Up the Downstair,1993,7,n,,
2020-01-01,Monolord,Vænir,2015,6,n,,
2020-01-01,The Durutti Column,Vini Reilly,1989,7,n,,
2020-01-01,Depeche Mode,Violator,1990,6,n,,
2020-01-01,Mission of Burma,Vs.,1982,6,n,,
2020-01-01,Edgar Broughton Band,Wasa Wasa,1969,6,n,,
2020-01-01,Foo Fighters,Wasting Light,2011,6,n,,
2020-01-01,Weezer,Weezer [Blue Album],1994,6,n,,
2020-01-01,Hash Jar Tempo,Well Oiled,1997,7,n,,
2020-01-01,John Maus,We Must Become the Pitiless Censors of Ourselves,2011,7,n,,
2020-01-01,Marvin Gaye,What's Going On,1971,7,n,,
2020-01-01,The Chameleons,What Does Anything Mean? Basically,1985,7,n,,
2020-01-01,Bedhead,WhatFunLifeWas,1994,7,n,,
2020-01-01,Chapterhouse,Whirlpool,1991,7,n,,
2020-01-01,Mark Lanegan,Whiskey for the Holy Ghost,1994,6,n,,
2020-01-01,Swans,White Light From the Mouth of Infinity,1991,7,n,,
2020-01-01,The Velvet Underground,White Light / White Heat,1968,9,n,,
2020-01-01,Parquet Courts,Wide Awaaaaake!,2018,7,n,,
2020-01-01,Coven,Witchcraft Destroys Minds & Reaps Souls,1969,6,n,,
2020-01-01,Dead Can Dance,Within the Realm of a Dying Sun,1987,7,n,,
2020-01-01,The Beatles,With The Beatles,1963,6,n,,
2020-01-01,Green Lung,Woodland Rites,2019,4,n,,
2020-01-01,Broadcast,Work and Non Work,1997,6,n,,
2020-01-01,Wayfarer,World's Blood,2018,6,n,,
2020-01-01,The Pop Group,Y,1979,7,n,"There are several moments of pure brilliance, but I find the avant-garde experimentation chaotic and hard to digest. But its dark, gothic and hypnotic feel, is at times as absorbing as Pere Ubu's The Modern Dance.",
2020-01-01,Wilco,Yankee Hotel Foxtrot,2002,6,n,,
2020-01-01,The Flaming Lips,Yoshimi Battles the Pink Robots,2002,6,n,,
2020-01-01,Dinosaur,You're Living All Over Me,1987,7,n,,
2020-01-01,My Bloody Valentine,You Made Me Realise,1988,7,n,,
2020-01-01,Bill Evans,You Must Believe in Spring,1981,7,n,,
2020-01-01,Carissa's Wierd,You Should Be at Home Here,2001,6,n,,
2020-01-01,Daughters,You Won't Get What You Want,2018,8,n,,
2020-01-01,不失者 [Fushitsusha],悲愴 (Pathétique),1994,7,n,,
2020-01-01,The Murlocs,Manic Candid Episode,2019,5,n,,
2020-01-01,My Bloody Valentine,Loveless,1991,10,n,,
2020-01-01,My Bloody Valentine,This Is Your Bloody Valentine,1985,6,n,,
2020-01-01,My Brother the Wind,Once There Was a Time When Time and Space Were One,2014,6,n,,
2020-01-01,The Myrrors,Arena negra [milky clear/bronze haze vinyl],2015,6,n,,
2020-01-01,The Myrrors,Borderlands,2018,5,n,,
2020-01-01,Nico,The End...,1974,7,n,,
2020-01-01,Night Sun,Mournin',1972,5,n,,
2020-01-01,of Montreal,"Hissing Fauna, Are You the Destroyer?",2007,7,n,,
2020-01-01,Oiseaux-Tempête,AL​-​'AN ! الآن (And Your Night Is Your Shadow - A Fairy​-​Tale Piece of Land to Make Our Dreams),2017,5,n,,
2020-01-01,Om,Pilgrimage,2007,7,n,,
2020-01-01,Orange Juice,Rip It Up,1982,7,n,,
2020-01-01,The Pains of Being Pure at Heart,The Pains of Being Pure at Heart,2009,6,n,,
2020-01-01,Papir,Papir IIII,2014,6,n,,
2020-01-01,Papir,VI,2019,5,n,,
2020-01-01,Pearl Jam,Ten,1991,6,n,,
2020-01-01,¡Pendejo!,Atacames,2014,6,n,,
2020-01-01,Pere Ubu,The Modern Dance,1978,9,n,,
2020-01-01,Tom Petty and The Heartbreakers,Damn the Torpedoes,1979,5,n,,
2020-01-01,Pink Floyd,Animals,1977,8,n,,
2020-01-01,Pink Floyd,Meddle,1971,8,n,,
2020-01-01,Pink Floyd,The Dark Side of the Moon,1973,6,n,,
2020-01-01,Porcupine Tree,Fear of a Blank Planet,2007,7,n,,
2020-01-01,Prana Crafter,Bodhi Cheetah's Choice,2018,5,n,,
2020-01-01,Elvis Presley,Elvis Presley,1956,6,n,,
2020-01-01,PyPy,Pagan Day,2014,6,n,,
2020-01-01,Radar Men From the Moon,Strange Wave Galore,2014,6,n,,
2020-01-01,Radiohead,OK Computer,1997,8,n,,
2020-01-01,Radiohead,The Bends,1995,7,n,,
2020-01-01,Rainbows Are Free,Waves Ahead of the Ocean,2014,5,n,,
2020-01-01,Ramones,Ramones,1976,7,n,,
2020-01-01,Lou Reed,Berlin,1973,8,n,,
2020-01-01,Ride,This Is Not a Safe Place,2019,6,n,,
2020-01-01,Rush,Moving Pictures,1981,7,n,,
2020-01-01,Satin Whale,Desert Places,1974,5,n,,
2020-01-01,Seam,Are You Driving Me Crazy?,1995,5,n,,
2020-01-01,Thee Silver Mt. Zion Memorial Orchestra,&#34,Born Into Trouble as the Sparks Fly Upward.&#34,,2001,6,n
2020-01-01,Thee Silver Mt. Zion Memorial Orchestra,"&#34;This Is Our Punk-Rock,&#34; Thee Rusted Satellites Gather + Sing,",2003,6,n,,
2020-01-01,Thee Silver Mt. Zion Memorial Orchestra,Fuck Off Get Free We Pour Light on Everything,2014,6,n,,
2020-01-01,Thee Silver Mt. Zion Memorial Orchestra,He Has Left Us Alone but Shafts of Light Sometimes Grace the Corner of Our Rooms...,2000,6,n,,
2020-01-01,Alex Skolnick Trio,Goodbye to Romance: Standards for a New Generation,2002,5,n,,
2020-01-01,Alex Skolnick Trio,Transformation,2004,6,n,,
2020-01-01,The Smiths,"Strangeways, Here We Come",1987,7,n,,
2020-01-01,The Smiths,The Queen Is Dead,1986,8,n,,
2020-01-01,Soft Machine,The Soft Machine,1968,7,n,,
2020-01-01,The Soft Walls,Not as Bad as It Seems,2019,5,n,,
2020-01-01,Songs: Ohia,The Lioness,2000,7,n,,
2020-01-01,The Sonic Dawn,Into the Long Night,2017,5,n,,
2020-01-01,Sonic Youth,Dirty,1992,6,n,,
2020-01-01,Sontaag,Sontaag,2014,5,n,,
2020-01-01,The So So Glos,Blowout,2013,5,n,,
2020-01-01,The Sound,From the Lions Mouth,1981,7,n,,
2020-01-01,The Sound,Jeopardy,1980,6,n,,
2020-01-01,Soundgarden,Louder Than Love,1989,6,n,,
2020-01-01,Spacemen 3,Dreamweapon,1990,8,n,,
2020-01-01,Spacemen 3,Playing With Fire,1989,8,n,,
2020-01-01,Spacemen 3,Sound of Confusion,1986,7,n,,
2020-01-01,Spiritualized,Ladies and Gentlemen We Are Floating in Space,1997,7,n,,
2020-01-01,Spokane,Able Bodies,2002,5,n,,
2020-01-01,The Spyrals,The Curse,2019,5,n,,
2020-01-01,Stonehenge,Bunch of Bisons,2013,6,n,,
2020-01-01,Strand of Oaks,Eraserland,2019,6,n,,
2020-01-01,Styx,Styx II,1973,5,n,,
2020-01-01,Suburban Campers,Somerspace Canopy,2014,7,n,,
2020-01-01,Sun Kil Moon,Benji,2014,6,n,,
2020-01-01,Survivor,Caught in the Game,1983,5,n,,
2020-01-01,Swans,Children of God,1987,6,n,,
2020-01-01,Swans,To Be Kind,2014,7,n,,
2020-01-01,David Sylvian,Brilliant Trees,1984,6,n,,
2020-01-01,David Sylvian,Secrets of the Beehive,1987,6,n,,
2020-01-01,Talk Talk,Spirit of Eden,1988,10,n,,
2020-01-01,Temples,Sun Structures,2014,6,n,,
2020-01-01,toe,The Book About My Idle Plot on a Vague Anxiety,2005,6,n,,
2020-01-01,Tool,Ænima,1996,6,n,,
2020-01-01,Tool,Lateralus,2001,7,n,,
2020-01-01,"Träd, Gräs och Stenar","Träd, Gräs och Stenar",1970,4,n,,
2020-01-01,Tuber,Out of the Blue,2017,4,n,,
2020-01-01,Kali Uchis,Isolation,2018,6,n,,
2020-01-01,Underground Lovers,Leaves Me Blind,1992,6,n,,
2020-01-01,The Vaccines,What Did You Expect From The Vaccines?,2011,5,n,,
2020-01-01,The Velvet Underground,Loaded,1970,7,n,,
2020-01-01,Kurt Vile,Wakin on a Pretty Daze,2013,6,n,,
2020-01-01,Tom Waits,Rain Dogs,1985,8,n,,
2020-01-01,Tom Waits,Swordfishtrombones,1983,8,n,,
2020-01-01,Ryley Walker,All Kinds of You,2014,4,n,,
2020-01-01,Scott Walker,Scott,1967,7,n,,
2020-01-01,Scott Walker,Scott 2,1968,7,n,,
2020-01-01,The War on Drugs,A Deeper Understanding,2017,5,n,,
2020-01-01,The War on Drugs,Lost in the Dream,2014,7,n,,
2020-01-01,Watter,This World,2014,5,n,,
2020-01-01,The West Coast Pop Art Experimental Band,Volume One,1966,6,n,,
2020-01-01,Jack White,Boarding House Reach,2018,6,n,,
2020-01-01,Steven Wilson,Hand. Cannot. Erase.,2015,6,n,,
2020-01-01,Wipers,Youth of America,1981,7,n,,
2020-01-01,Wire,Nocturnal Koreans,2016,5,n,,
2020-01-01,The World Is a Beautiful Place & I Am No Longer Afraid to Die,"Whenever, If Ever",2013,7,n,,
2020-01-01,Yves Tumor,Heaven to a Tortured Mind,2020,6,n,,
2020-01-01,Frank Zappa,Apostrophe ('),1974,8,n,,
2020-01-01,四人囃子,一触即発 (Isshoku-Sokuhatsu),1974,6,n,,
